[{
        "icon": "home",
        "name": "Principal",
        "redirectTo": "home"
    },
    {
        "icon": "thumbs-up",
        "name": "Publicaciones",
        "redirectTo": "posts"
    },
    {
        "icon": "mail",
        "name": "Mensajes",
        "redirectTo": "inbox"
    },
    {
        "icon": "options",
        "name": "Indicadores",
        "redirectTo": "indicators"
    },
    {
        "icon": "person",
        "name": "Perfil del cuidador",
        "redirectTo": "profile"
    },
    {
        "icon": "exit",
        "name": "Cerrar sesión",
        "redirectTo": ""
    }
]